run_1,run_2,run_3,run_4,run_5,run_6,run_7,run_8,run_9,run_10
3.8052412286400794,3.8064785644412042,3.7901090011000633,3.799083137512207,3.8060618214309216,3.8060079336166384,3.7987636595964434,3.804641419649124,3.80653792321682,3.800668549537659
3.802679090201855,3.805941091477871,3.7479295119643212,3.7941514551639557,3.804376335442066,3.8024487793445587,3.7866841249167917,3.7944263368844986,3.8061930418014525,3.7927282392978667
3.7972241684794428,3.805465817451477,3.729073075950146,3.7743447184562684,3.801164884865284,3.8015578269958494,3.771404604613781,3.7900741666555406,3.80593563914299,3.7777061581611635
3.7936148211359977,3.80509816557169,3.689657510817051,3.7666314601898194,3.79413355588913,3.8022997677326202,3.755576860904694,3.7911473542451857,3.8057649582624435,3.759542989730835
3.7868972539901735,3.8053868070244787,3.62480820864439,3.735126316547394,3.788248983025551,3.8017557203769683,3.7304823003709315,3.7864688098430634,3.8057718843221666,3.7493076622486115
3.7837583854794503,3.8045357778668403,3.6119357734918593,3.7189591109752653,3.783425023406744,3.802654367685318,3.7139714263379573,3.775995543599129,3.805669364333153,3.7462196379899977
3.7813268437981606,3.8041993021965026,3.6047828644514084,3.7093778431415556,3.770778551697731,3.801553505659103,3.677528713643551,3.7263972491025923,3.8050312995910645,3.7297707200050354
3.7798576414585114,3.8042282447218896,3.5512114644050596,3.6925044000148772,3.7685140646994113,3.802076017856598,3.6214886493980885,3.727466177940369,3.805094486474991,3.7198034942150118
3.777972514927387,3.803648978471756,3.4561501890420914,3.645405262708664,3.74722957983613,3.802663117647171,3.600791111588478,3.6914985090494157,3.804707533121109,3.6822033911943435
3.766082225739956,3.8027920976281164,3.5242242574691773,3.6280912458896637,3.750646512955427,3.8027941405773165,3.5833307720720766,3.704235056042671,3.804931128025055,3.7134411692619325
3.7521871760487557,3.802901339530945,3.5331297904253005,3.6269338190555573,3.728630655258894,3.802160382270813,3.558677063882351,3.633261102437973,3.803933361172676,3.7097409695386885
3.7474597096443176,3.802313032746315,3.504439102113247,3.5768682658672333,3.7170678220689295,3.8030714213848116,3.525742166489363,3.6282758474349976,3.8038952142000197,3.680125829577446
3.732441705465317,3.8018446564674377,3.4638665571808813,3.583197736740112,3.730844086408615,3.8004330515861513,3.4961516693234445,3.607483059167862,3.803173300623894,3.6572963058948518
3.731466197967529,3.8015116184949873,3.493536686897278,3.4862757980823518,3.705589327216148,3.7998113691806794,3.517993186414242,3.6905746549367904,3.8027175962924957,3.6381864309310914
3.7266939863562585,3.799802266061306,3.370576636493206,3.5390940070152284,3.700008837133646,3.8007438480854034,3.5060504958033563,3.570755681395531,3.802983042597771,3.571176654100418
3.6969329848885537,3.798675574362278,3.369035117328167,3.4441818296909332,3.6954479448497297,3.801245832443237,3.4523793645203114,3.5585089802742003,3.802528429031372,3.597381168603897
3.694650149345398,3.7974340692162514,3.2077332466840742,3.4352891743183136,3.668375953286886,3.80213258266449,3.4817868791520596,3.5740350395441056,3.8027205377817155,3.5486571222543715
3.6693962186574938,3.797437644004822,3.3239781081676485,3.3993414282798766,3.682423883676529,3.8009031772613526,3.453900059312582,3.515198141336441,3.8027759730815887,3.5681022256612778
3.653166988492012,3.795972001552582,3.390726847946644,3.3725139141082763,3.648462624102831,3.8002940714359283,3.3780607797205446,3.428768092393875,3.802616885304451,3.531687095761299
3.618881656229496,3.7935530230402947,3.436367170512676,3.4542292058467865,3.637818755954504,3.801638686656952,3.3760746859014032,3.459939628839493,3.8021468043327333,3.547356331348419
3.600155916810036,3.7931746140122415,3.310938133299351,3.38433296084404,3.635613713413477,3.7997295677661898,3.3729991212487223,3.4756213575601578,3.8026324093341826,3.502266976237297
3.5728268697857857,3.7929056599736213,3.35465507209301,3.307025283575058,3.616090823709965,3.797544872760773,3.3115593433380126,3.4395531177520753,3.8024117708206178,3.4392276793718337
3.5795135840773584,3.791566801071167,3.294439624249935,3.298730880022049,3.5963865615427495,3.7989596664905547,3.30486351326108,3.466308358311653,3.802309700846672,3.444099709391594
3.5615453481674195,3.7916156232357023,3.3103005230426787,3.3133488059043885,3.6080948948860168,3.795061522722244,3.2826368801295756,3.4420997381210325,3.801439195871353,3.431082183122635
3.5795613124966623,3.788345603644848,3.350938045978546,3.307871013879776,3.592455067485571,3.7990051448345183,3.25247335806489,3.3674981743097305,3.8016055464744567,3.419460451602936
3.5524683073163033,3.7883020758628847,3.332705345749855,3.281319481134415,3.56258495002985,3.7970299303531645,3.2563912592828275,3.2798452407121657,3.8026598542928696,3.4016410559415817
3.5216592654585837,3.7886538594961165,3.421376770734787,3.220445394515991,3.5702716022729875,3.801197737455368,3.2447383709251882,3.2755308389663695,3.8009329825639724,3.4375370264053347
3.514371494948864,3.7874162435531615,3.3757460311055185,3.1598962008953095,3.540316753089428,3.796316611766815,3.2211723238229752,3.1899967044591904,3.8024551928043366,3.3784246683120727
3.4925353944301607,3.7873206838965414,3.4213882803916933,3.2338726341724398,3.4858375385403635,3.797045588493347,3.2407984018325804,3.1445291310548784,3.8015454202890395,3.3887306571006777
3.4616971909999847,3.786363509297371,3.383327242732048,3.1565416932106016,3.479799159616232,3.795490038394928,3.1779824905097485,3.1601957440376283,3.801414427161217,3.3678321540355682
3.437775228917599,3.787149393558502,3.356749512255192,3.186206042766571,3.42718872949481,3.794790130853653,3.1216740630567075,3.0422082126140593,3.801511663198471,3.3390805453062056
3.4674597680568695,3.7886330753564836,3.3356058418750765,3.1803439557552338,3.396976948529482,3.794459807872772,3.1442107297480106,2.9134549647569656,3.802291828393936,3.3218986719846724
3.480419710278511,3.787257155776024,3.324880149960518,3.038631635904312,3.319172785431147,3.7893424332141876,3.086329022049904,2.8391769170761108,3.800086164474487,3.2702873170375826
3.447715213894844,3.7869424015283584,3.3575418695807455,3.1271490335464476,3.2893733575940134,3.786012476682663,3.0572334505617618,2.977040445804596,3.8007283717393876,3.256672689318657
3.344978664815426,3.7858204513788225,3.3256644278764727,3.1794718980789183,3.1684260733425615,3.7915752112865446,2.998205145448446,2.9483514726161957,3.8007112413644792,3.2439736843109133
3.321071185171604,3.7859575510025025,3.276837760210037,3.0204558432102204,2.9909141950309275,3.7918951392173765,2.9125312246382236,2.938802418112755,3.799629381299019,3.185032880306244
3.20490320622921,3.782223951816559,3.28190286308527,2.9120087802410124,2.88230592161417,3.7915481984615327,3.014381239563227,2.897935625910759,3.8006045311689376,3.1324862957000734
3.2401631221175196,3.7795435160398485,3.2761234909296038,3.040343326330185,2.904454850405455,3.7880404889583588,3.086449658125639,2.8759559810161592,3.8010993599891663,3.216250091791153
3.3176193445920945,3.781294712424278,3.2159778028726578,2.9458238959312437,2.9141407310962677,3.7893018186092378,3.024424386769533,2.6898836374282835,3.79979812502861,3.09043810069561
3.290600122511387,3.7755786433815954,3.1332264587283136,2.8794559597969056,2.889148519188166,3.792855054140091,3.0005403950810434,2.666966611146927,3.798606237769127,3.2285129874944687
3.2561796054244043,3.776659405231476,3.1956447064876556,2.93317254781723,2.679094856977463,3.7915517568588255,2.975254072248936,2.756308987736702,3.7981091767549513,3.0970329374074934
3.358362948894501,3.772331987321377,3.2117427378892898,2.768942505121231,2.772088296711445,3.784815412759781,3.057619286328554,2.715251713991165,3.799255868792534,3.097074273228645
3.3330599889159203,3.777137520909309,3.190071478486061,2.7435000836849213,2.794445772469044,3.7877748250961303,3.020806088298559,2.739126542210579,3.7972626090049744,3.1020597130060197
3.27486260086298,3.7684367135167123,3.091013912856579,2.6781746208667756,2.708777379244566,3.7840654373168947,2.9990491338074206,2.766803592443466,3.7982059150934218,3.200245437026024
3.2083424746990206,3.7672946035861967,3.1588530480861663,2.7472378969192506,2.6558812372386456,3.78698410987854,2.8561641067266463,2.7644306421279907,3.7973235309123994,3.1839012891054153
3.2448037534952165,3.76630826741457,3.148407298326492,2.7405284106731416,2.6902922056615353,3.7870106220245363,2.9177210368216038,2.574105256795883,3.7982329338788987,3.0533809781074526
3.2066550642251967,3.7665156960487365,3.137271095812321,2.7135531067848206,2.70749149993062,3.7867732286453246,2.985460924357176,2.6276880264282227,3.7979421854019164,3.1466352194547653
3.213279463350773,3.7662586465477945,3.1856582880020143,2.7860131740570067,2.615298003703356,3.783610099554062,2.777072484046221,2.7442593038082124,3.7968951642513273,3.072029161453247
3.2430195614695547,3.7633497819304464,3.1192426845431327,2.6307877123355867,2.59399773851037,3.784887099266052,2.7843073792755604,2.595143860578537,3.7981566160917284,3.0954743057489393
3.270551046729088,3.7598233416676523,3.0835147216916083,2.6412675440311433,2.566391113400459,3.7850214540958405,2.803743678331375,2.555976340174675,3.797101804614067,2.825621083378792
3.1486842900514604,3.7515551477670668,3.084409400820732,2.747676706314087,2.542427660524845,3.7905672967433928,2.7284181624650956,2.5365286260843276,3.798624563217163,2.954118886590004
3.149309553205967,3.759041133522987,3.0434366941452025,2.5571352303028108,2.6613381780683993,3.7777976751327516,2.69557818248868,2.6911262542009355,3.797374355792999,3.087828439474106
3.142255130410194,3.749723732471466,3.1647114723920824,2.58609020113945,2.700646586716175,3.772970402240753,2.7048446096479895,2.667062222957611,3.797368308901787,2.8253492563962936
3.17751374989748,3.747868689894676,3.029167999327183,2.6021067023277284,2.671520267426968,3.779982203245163,2.681935931742191,2.7072705060243605,3.7964609444141386,2.845927107334137
3.1495291486382486,3.7541335716843607,3.0719899266958235,2.5414190769195555,2.5793960273265837,3.7719425916671754,2.8368618175387383,2.686355248093605,3.7962222427129744,2.877231624722481
3.0862105637788773,3.74747247248888,3.0447451278567312,2.488085263967514,2.5580261327326297,3.769451320171356,2.852106012403965,2.755674934387207,3.7982887119054793,2.873128965497017
3.032189817726612,3.7522528618574142,2.9955545544624327,2.4556284844875336,2.5513327911496164,3.764999157190323,2.75231521949172,2.7855354100465775,3.794796887040138,2.6819241136312484
3.006569203734398,3.744529940187931,3.0458451747894286,2.775050777196884,2.5476115085184574,3.773341488838196,2.68276349529624,2.8071766436100005,3.795107236504555,2.9212064534425735
3.033114679157734,3.7422789081931116,2.989881619811058,2.5873055338859556,2.4916676439344885,3.7714780628681184,2.8522768765687943,2.802119681239128,3.7948675245046615,2.8272076457738877
2.895038326084614,3.7362204998731614,3.067245651781559,2.5268015384674074,2.3837549701333045,3.766282004117966,2.5999863550066946,2.716137263178825,3.7949080795049666,2.8558582782745363
2.787274479866028,3.735954087972641,3.0157022550702095,2.5896175503730774,2.281969179958105,3.7752394795417787,2.6359367787837984,2.57044979929924,3.794622978568077,2.82864206135273
2.759505544602871,3.7351210728287696,3.1193234220147135,2.5345230758190156,2.256318589299917,3.7651409089565275,2.7030546613037587,2.554867979884148,3.794154408574104,2.889938932657242
2.716894280910492,3.7335274502635003,3.148773491382599,2.3174660205841064,2.2688437260687353,3.7601864457130434,2.677235920727253,2.4974618583917616,3.793349352478981,2.9489101707935332
2.7641741171479226,3.7267548710107805,3.039903225004673,2.3880151391029356,2.2994332566857336,3.7641252398490908,2.738732648640871,2.4609896183013915,3.792831319570541,2.9740241348743437
2.8116483628749847,3.7262748911976815,3.044235834479332,2.46069096326828,2.280041180551052,3.7658177256584167,2.6640795439481737,2.3974295616149903,3.793938899040222,2.994396185874939
2.7676308766007423,3.7191892489790916,2.9889650270342827,2.5201248228549957,2.258658019453287,3.7714492321014403,2.6816657304763796,2.3327803194522856,3.793369007110596,2.856622302532196
2.802893100678921,3.717877934873104,3.0788083776831625,2.5567557215690613,2.1863312467932703,3.768269282579422,2.639274987578392,2.284860137104988,3.7932363152503967,2.9367899775505064
2.7200448229908942,3.7155356094241143,3.0291241601109506,2.327629542350769,2.1429820597171783,3.7714599668979645,2.688651405274868,2.1480230748653413,3.7920496225357057,2.914084354043007
2.7209425956010818,3.696530741453171,2.966191828250885,2.376983422040939,2.1388549163937567,3.7611503839492797,2.727848282456398,2.1021134883165358,3.7930318087339403,2.8625338822603226
2.6901255413889884,3.6762560307979584,3.0514195635914803,2.435747617483139,2.105985452234745,3.7698334455490112,2.801690235733986,2.064088362455368,3.793039193749428,2.8229513257741927
2.6066396340727804,3.692806625366211,3.080068951845169,2.3866151094436647,2.133673008531332,3.7610654532909393,2.856839396059513,2.0811412215232847,3.792070892453194,2.819019877910614
2.6504987671971323,3.687282271683216,3.0470987871289252,2.251481682062149,2.1376420028507708,3.7626791298389435,2.7527256317436697,1.9469060271978378,3.793432888388634,2.6209342420101165
2.5074789196252825,3.670489566028118,3.099986045062542,2.304356038570404,2.095881573855877,3.7632577061653136,2.7226837940514086,2.018226037919521,3.79282006919384,2.7009875059127806
2.6357261896133424,,2.9869295760989187,2.3681974589824675,2.0890187956392765,3.773386985063553,,1.9475929498672486,3.790362760424614,2.6501279771327972
2.656364047527313,,3.0066469311714172,2.366233688592911,2.040000766515732,3.7760249018669128,,1.9400858119130135,3.788678854703903,2.5915862947702406
2.7091692596673966,,3.0057498946785928,2.1425203323364257,2.0088841024786235,3.7724732518196107,,1.9616829037666321,3.7861239820718766,2.6443353593349457
2.645598162710667,,2.9859694287180902,2.2476734161376952,1.9822184689342977,3.7769047737121584,,1.9863530099391937,3.787057656049728,2.5207400590181352
2.637558153271675,,2.867621177434921,2.2458134293556213,1.9851536873728037,3.7740326642990114,,1.9856273040175438,3.7840110093355177,2.610820835828781
2.543314181268215,,2.800152485072613,2.182726263999939,1.995078470185399,3.7720460414886476,,1.9006801277399064,3.7867105156183243,2.5885866284370422
2.5133421406149865,,2.838868872821331,2.30710192322731,2.0193886138498782,3.766274929046631,,1.9242147088050843,3.7882212817668917,2.5984572768211365
2.453242537379265,,2.8299711242318155,2.4454939126968385,1.9877883303910493,3.765364944934845,,1.845235413312912,3.7839489042758943,2.584863045811653
2.5023880422115328,,2.848142500221729,2.2925047755241392,1.98149618729949,3.7643086194992064,,1.7573235392570496,3.7855656266212465,2.658034923672676
2.562089802324772,,2.807306596636772,2.3767338693141937,1.9842856008559466,3.760218060016632,,1.780999204516411,3.7814359575510026,2.5389744132757186
2.5373483523726463,,2.835571363568306,2.4066926777362823,1.9885267306119203,3.759773516654968,,1.8493026837706565,3.783489152789116,2.4694095224142076
2.5156091302633286,,2.81722961217165,2.2461161673069,1.9801204901188612,3.7613076269626617,,1.8243971571326256,3.782503715157509,2.599723356962204
2.5302962243556975,,2.854926015436649,2.1534018248319624,1.9553523562848567,3.762699896097183,,1.7951192140579224,3.7819578886032104,2.557379114627838
2.584627962112427,,2.7804776176810266,2.26641988158226,1.990799631550908,3.764414703845978,,1.875310730934143,3.7784930139780046,2.571600991487503
2.521383114159107,,2.868078146874905,2.416882747411728,1.9968977078795433,3.770499348640442,,1.8366692155599593,3.778167945146561,2.678378921747208
2.492999929189682,,2.8844498351216314,2.263623857498169,2.0435794956982134,3.7626771688461305,,1.7878146305680276,3.7800001055002213,2.569840061664581
2.4182537704706193,,2.9040559485554693,2.202026104927063,2.0921481221914293,3.766871851682663,,1.840355785191059,3.781331554055214,2.5068661272525787
2.3802780881524086,,2.786275377869606,2.303645658493042,2.131679405272007,3.773378241062164,,1.8259244412183762,3.7772553324699403,2.4859837502241136
2.254149743914604,,2.793030595779419,2.5158475279808044,2.176710468530655,3.7660431981086733,,1.7316034212708473,3.780031833052635,2.4682015627622604
2.2728343203663828,,2.7554218232631684,2.34264652132988,2.2192262925207613,3.763632780313492,,1.7138040587306023,3.7801138550043105,2.467082715034485
2.3086981773376465,,2.8647069558501244,2.314891755580902,2.1809026695787908,3.7590799927711487,,1.705369533598423,3.7804340004920958,2.6146681666374207
2.27315019518137,,2.867271822690964,2.208654537796974,2.1597572714090347,3.7477616012096404,,1.7157490834593774,3.776063507795334,2.445150148868561
2.3719689577817915,,2.9210939317941667,2.1953023731708527,2.125862328708172,3.7589861869812013,,1.7274159803986548,3.7769881218671797,2.5873384714126586
2.2495756819844246,,2.9967440709471704,2.40704345703125,2.107817846536636,3.744285899400711,,1.658053846657276,3.7817520678043364,2.651009997725487
2.272471971809864,,3.020581655204296,2.002638563513756,2.091538427770138,3.744999313354492,,1.742133966088295,3.7764379799366,2.5530186891555786
2.266377130150795,,2.9668120205402375,1.9750595003366471,2.1012068815529346,3.7375999331474303,,1.8049411192536353,3.773649686574936,2.446738213300705
2.225266394019127,,2.9446060702204706,2.0450927913188934,2.0999272532761095,3.7548075795173643,,1.7568391636013985,3.777308079600334,2.622666922211647
2.386541944742203,,2.966085582971573,2.3504825592041017,2.099541150033474,3.750678014755249,,1.698760886490345,3.7740072667598725,2.6591836363077164
2.3015780463814735,,2.988930049538612,1.9795931071043014,2.0874706223607062,3.7535448551177977,,1.6445243492722512,3.7733386933803557,2.3568846553564073
2.3284342497587205,,2.880580411851406,2.093113100528717,2.0619162291288378,3.7549668729305266,,1.712626302242279,3.769445297122002,2.545888528227806
2.3429557964205743,,2.7765519097447395,2.1052590280771257,2.0468610800802707,3.760402315855026,,1.7908840477466583,3.7736137241125105,2.6415767818689346
2.3156434118747713,,2.758265699446201,2.017068734765053,2.0098468504846094,3.755245053768158,,1.7609779760241508,3.76831296980381,2.5836483269929884
2.3327608853578568,,2.794731867313385,1.8713366329669952,2.0185127779841423,3.761553871631622,,1.7055028334259987,3.765767273306847,2.4784510165452955
2.2788874238729475,,2.6943126901984216,2.1122269153594972,2.039561977237463,3.7515340209007264,,1.806483832001686,3.7693554192781447,2.4890143513679504
2.1921730548143388,,2.8017857730388642,2.159333550930023,2.013672649860382,3.755477839708328,,1.7740124315023422,3.7739118039608,2.540423092246056
2.3743087619543077,,2.8791052863001823,2.038367900252342,2.017986473068595,3.762279027700424,,1.767684778571129,3.7665641784667967,2.4944919884204864
2.3111208036541937,,2.7924940034747125,2.0132025480270386,2.0068051353096963,3.7517712354660033,,1.8513000816106797,3.7715691059827803,2.376865527033806
2.2145389705896377,,2.7723400369286537,2.109163594245911,1.963115118816495,3.760917145013809,,1.8923919439315795,3.7603690356016157,2.117461343109608
2.299812388420105,,2.737647573649883,1.8067386776208878,1.9349575128406287,3.7572721421718596,,1.7397614508867263,3.7621112197637556,2.3811672985553742
2.22652837485075,,2.8545853719115257,2.025830367207527,1.9324035741388799,3.73825289607048,,1.7618800178170204,3.7628440231084825,2.2794279038906096
2.245527082681656,,2.8469283998012545,2.016949510574341,1.919142210111022,3.7458926141262054,,1.702123226225376,3.7687747329473495,2.5674364656209945
2.2692961931228637,,2.945226202905178,2.0610121309757234,1.9033732976764441,3.746373951435089,,1.7714066922664642,3.7601920783519747,2.445325917005539
2.2100264966487884,,2.9221712574362755,2.025737148523331,1.9031323540955782,3.7554635286331175,,1.763162763416767,3.7625388234853743,2.3670882135629654
2.0907359808683394,,2.940946325659752,2.0291329234838487,1.8744659692049026,3.746878868341446,,1.7444446384906769,3.7635165572166445,2.4647981494665148
2.1093758568167686,,2.8827433094382284,2.0878670066595078,1.8435338765382767,3.747577029466629,,1.7930349439382554,3.7633308857679366,2.452607128024101
2.192325158417225,,2.941574089229107,2.256971925497055,1.8319377280771731,3.7474219679832457,,1.7937747478485107,3.766174092888832,2.157807172834873
2.0974381104111672,,2.9080394595861434,1.9866369754076003,1.836976658180356,3.7564216196537017,,1.7354221135377883,3.764382281899452,2.2327115684747696
2.1060161143541336,,2.9084608376026155,1.9162041932344436,1.8479473870247602,3.740484207868576,,1.804150040447712,3.7574985414743423,2.352834779024124
2.1488762468099596,,2.837349745631218,2.032723459601402,1.8812889814376832,3.7463812828063965,,1.7952122211456298,3.759384122490883,2.364583620429039
2.097524746507406,,2.8404927596449854,2.038392049074173,1.8989632684737443,3.749098265171051,,1.738970158994198,3.7585378915071486,2.333895280957222
2.199890324473381,,2.8765488460659983,1.898355346918106,1.899134411662817,3.7510964274406433,,1.7494562357664107,3.761248987913132,2.352204295992851
2.0315596528351305,,2.802446700632572,1.898839884996414,1.9039861474186182,3.749092823266983,,1.7680030345916748,3.754007840156555,2.2881348222494124
2.0353215098381043,,2.824869602918625,1.8151423275470733,1.9410187967121602,3.7366684913635253,,1.7520040452480317,3.750464788079262,2.2612931936979295
2.1393607556819916,,2.8232816115021704,1.8552284300327302,1.9186356969177722,3.742174530029297,,1.6601987421512603,3.756894913315773,2.284069353342056
2.138817174732685,,2.814923459291458,1.8377744525671005,1.851106832548976,3.7385074198246,,1.70526165664196,3.757644936442375,2.2819974035024644
2.190758268535137,,2.836649253964424,1.907480201125145,1.8573514506220818,3.744831305742264,,1.8498775690793992,3.760535305738449,2.362680193781853
2.1884699136018755,,2.7333524137735368,1.8112906962633133,1.8648534320294856,3.739864730834961,,1.788177765905857,3.7579902827739717,2.1805477917194365
2.176554325222969,,2.607209359109402,1.7073215126991272,1.8747439861297608,3.724298304319382,,1.6412603467702866,3.7520675867795945,2.288056218624115
2.254082256555557,,2.7081282660365105,1.7143958181142807,1.8731404908001423,3.731097310781479,,1.6401104614138604,3.7516031354665755,2.20057375729084
2.1755411446094515,,2.8209996044635774,1.5716972053050995,1.9039775874465703,3.7365423023700712,,1.6898310884833336,3.7508246839046477,2.2748580664396285
2.1578174024820327,,2.7700812995433806,1.7167129188776016,1.9240278914570808,3.732305830717087,,1.6377591416239738,3.7509269535541536,2.1289267525076867
2.233451147377491,,2.868205484747887,1.9397405982017517,1.9097320839762688,3.7195971310138702,,1.7013857200741769,3.7554988712072372,2.072223626077175
2.37486569583416,,2.7636642649769785,1.849987229704857,1.8947606962174177,3.7143124759197237,,1.6730978682637214,3.7573057264089584,2.1945917814970017
2.2373277097940445,,2.8753101229667664,2.1329263627529143,1.9146571557968854,3.709261792898178,,1.7316501289606094,3.7510818779468535,2.165278971195221
2.2919006824493406,,2.9192418709397314,1.836651873588562,1.9199366077780724,3.705237478017807,,1.7643488973379136,3.7496774911880495,2.277273806929588
2.3092115044593813,,2.7143401384353636,1.9001023024320602,1.8920320831239223,3.72101149559021,,1.7827228382229805,3.7435940533876417,2.104385444521904
2.430859263241291,,2.711458669602871,1.7611757695674897,1.8734259150922299,3.711933308839798,,1.8321373522281648,3.7462097823619844,2.219805139303207
2.2993629083037375,,2.60288395434618,1.606318137049675,1.836770211905241,3.7177796602249145,,1.774993446469307,3.7369749695062637,2.0980669498443603
2.639888645708561,,2.7221217542886733,1.9020561873912811,1.7938622131943702,3.7219509303569795,,1.8068343058228493,3.740494912862778,2.321067547798157
2.3181560069322584,,2.7854587852954866,1.9149437695741653,1.824938440695405,3.713459324836731,,1.8549495965242386,3.7451481729745866,2.208907464146614
2.2668632939457893,,2.6172091543674467,1.8812080532312394,1.8776223734021187,3.703196460008621,,1.7952633544802665,3.7461395889520643,2.3785875350236894
2.4327506497502327,,2.630607286095619,1.9868280619382859,1.8834681153297423,3.7219432294368744,,1.773354062438011,3.7522495448589326,2.400583657622337
2.434969645738602,,2.7379759430885313,2.1619886219501496,1.8522241111844777,3.7170179188251495,,1.7438204169273377,3.740323802828789,2.2898976385593413
,,2.702349154651165,1.8886990308761598,,3.7035790264606474,,1.6730559706687926,,2.206734985113144
,,2.725236025452614,1.851348176598549,,3.683797538280487,,1.6914635732769967,,2.2699863433837892
,,2.642162185907364,1.9906951248645783,,3.6896551966667177,,1.6982731893658638,,2.394894129037857
,,2.556929421424866,1.8221493810415268,,3.702601987123489,,1.7577097401022912,,2.1399811267852784
,,2.596901996433735,1.8172365248203277,,3.6988062381744387,,1.709422129392624,,2.13491021245718
,,2.561557936668396,1.9174617111682892,,3.7110368728637697,,1.6424322590231895,,2.0228336587548257
,,2.7577413871884344,1.8652632743120194,,3.7010431349277497,,1.6739647656679153,,2.0352635473012923
,,2.704729014635086,1.696235853433609,,3.7133066236972807,,1.7361889585852623,,2.1669197231531143
,,2.648955190181732,1.7605923473834992,,3.710364097356796,,1.7290863066911697,,2.129489544034004
,,2.7081034630537033,1.926031795144081,,3.7130860328674316,,1.7168488562107087,,1.8989230275154114
,,2.657859894633293,1.8187832534313202,,3.7085771203041076,,1.6818015784025193,,1.9772069737315179
,,2.8303421944379807,1.488648733496666,,3.710597002506256,,1.7008982226252556,,2.017321217060089
,,2.6681446611881254,1.4989133208990097,,3.6944498896598814,,1.588329903781414,,2.016028270125389
,,2.8220559164881704,1.6290822714567184,,3.6995788395404814,,1.6997373566031455,,2.122872422635555
,,2.855047331750393,1.5222159177064896,,3.715056222677231,,1.6895137757062912,,2.182062232494354
,,2.7535666331648825,1.558731836080551,,3.6881238520145416,,1.6357782661914826,,2.12172961384058
,,2.8577337682247164,1.6339265704154968,,3.671519261598587,,1.6229455396533012,,2.0386819660663607
,,2.8612448826432226,1.535637617111206,,3.684090185165405,,1.6550182715058326,,2.0945741668343545
,,2.830002574622631,1.5415132492780685,,3.685300922393799,,1.7091260194778441,,2.0286358833312987
,,2.8387807622551917,1.6223397374153137,,3.686950957775116,,1.6374372318387032,,2.1516131147742272
,,2.905668441951275,1.7374015748500824,,3.699938488006592,,1.6360111385583878,,2.1219326183199883
,,2.8831741154193877,1.5668092519044876,,3.671160864830017,,1.6975149855017662,,2.3069832980632783
,,2.809214121103287,1.6552037596702576,,3.7007213056087496,,1.6564219385385512,,2.0804878622293472
,,2.834877246618271,1.8349248796701432,,3.6774328529834746,,1.6759290605783463,,2.179024800658226
,,2.8775683403015138,1.6601835429668426,,3.673450654745102,,1.6858616754412652,,2.2261435359716417
,,2.843091754615307,1.7276860624551773,,3.652191710472107,,1.7586154222488404,,2.1773943215608598
,,2.8502534866333007,1.8396777659654617,,3.640670883655548,,1.749872301518917,,2.154497990012169
,,2.8239352345466613,1.6397240966558457,,3.650384694337845,,1.738496546447277,,2.0634045138955117
,,2.843360447883606,1.423158186674118,,3.658071738481522,,1.6639436811208725,,2.261284816265106
,,2.7707895815372465,1.6856930255889893,,3.665799641609192,,1.6383209362626077,,2.0339165359735487
,,2.7647938832640646,1.753352588415146,,3.684034603834152,,1.634356263279915,,2.0740170910954476
,,2.803816469013691,1.61350237429142,,3.684553337097168,,1.6898321405053138,,2.113411918282509
,,2.7711400151252747,1.6440000474452972,,3.682237035036087,,1.5903388053178786,,2.08737306445837
,,2.784019537270069,1.5799289762973785,,3.6740554511547088,,1.6232525065541268,,2.1106914922595026
,,2.6632928639650344,1.4861282765865327,,3.6684377551078797,,1.622938907146454,,2.025382961332798
,,2.7083672627806665,1.6889379292726516,,3.6918159306049345,,1.636016282439232,,2.0929014652967455
,,2.6059041798114775,1.6394703388214111,,3.670286548137665,,1.7042308092117309,,2.0248061552643777
,,2.6869808971881866,1.6967329055070877,,3.6789713740348815,,1.6476736068725586,,1.8945378124713899
,,2.653952367603779,1.5049520015716553,,3.698778545856476,,1.6823047652840615,,2.0844012171030046
,,2.646605907380581,1.441946655511856,,3.7128210604190826,,1.728926283121109,,1.911333441734314
,,2.6770818531513214,1.6072395384311675,,3.6888966143131254,,1.6429831966757775,,2.150565232336521
,,2.6863978073000907,1.595600527524948,,3.6842264533042908,,1.598762685060501,,1.9204009145498275
,,2.5765865042805673,1.4893578976392745,,3.7068002462387084,,1.583878393471241,,2.0473386615514757
,,2.6442980796098707,1.5279031246900558,,3.7006485164165497,,1.613265797495842,,1.9046752542257308
,,2.6700136974453925,1.6803669214248658,,3.700848734378815,,1.5803290367126466,,2.0250607430934906
,,2.6818688571453095,1.416243889927864,,3.700328862667084,,1.5341132596135139,,1.9281246930360794
,,2.783684268593788,1.4933699548244477,,3.701355630159378,,1.6051541984081268,,1.8276755765080452
,,2.661280633509159,1.602013310790062,,3.697288864850998,,1.5965311914682387,,1.7192154705524445
,,2.7455781936645507,1.533717343211174,,3.7022270798683166,,1.5813815772533417,,1.9844828680157662
,,2.7119442567229273,1.3892863512039184,,3.709065681695938,,1.5874114468693734,,1.924715818464756
,,2.707237368822098,1.5872913151979446,,3.706907945871353,,1.5799723014235496,,1.8358592450618745
,,2.691775007545948,1.6439370185136795,,3.703107291460037,,1.5765262588858604,,2.0349064856767654
,,2.7372691139578817,1.4749713480472564,,3.6949771642684937,,1.595706905424595,,1.9094005078077316
,,2.729203926026821,1.5782971680164337,,3.699471265077591,,1.6515824794769287,,1.7968361780047417
,,2.6666458293795587,1.459258857369423,,3.696171945333481,,1.5812881037592887,,1.7696161076426506
,,2.793434239923954,1.4513970643281937,,3.7008027255535128,,1.6217377975583076,,1.8630857050418854
,,2.754624304175377,1.4797096312046052,,3.6934518337249758,,1.6885956555604935,,1.7847964867949486
,,2.7562965914607047,1.453391405940056,,3.706208962202072,,1.612084648013115,,1.9267829179763794
,,2.7565548554062844,1.3521880894899367,,3.6958547294139863,,1.5509418159723283,,1.7442757591605187
,,2.8426573023200037,1.2688843131065368,,3.6975314259529113,,1.5675241321325302,,1.8860970810055733
,,2.7590407580137253,1.408958837389946,,3.7054734587669373,,1.5645463854074477,,1.7822910502552987
,,2.7479380279779435,1.623215115070343,,3.703751987218857,,1.5712977766990661,,1.7503799960017203
,,2.633492201566696,1.5613702148199082,,3.7042219996452332,,1.5891119092702866,,1.9247741848230362
,,2.8397192791104318,1.2939134776592254,,3.6994609892368318,,1.569771645963192,,1.7402669414877892
,,2.543747527897358,1.3608699917793274,,3.6968045115470884,,1.4468411445617675,,1.8045945584774017
,,2.7717008903622626,1.4042928099632264,,3.7023963570594787,,1.5464492097496987,,1.890746507048607
,,2.763881628215313,1.3040041893720626,,3.7019016981124877,,1.5012506186962127,,1.947891280055046
,,2.696135640144348,1.3106518387794495,,3.7081155598163607,,1.5655122354626656,,1.9377393916249275
,,2.795020081102848,1.4601611644029617,,3.708971792459488,,1.401676894724369,,1.9103499189019204
,,2.9144059777259828,1.5331037253141404,,3.7018398225307463,,1.4883159309625626,,1.9925788953900336
,,2.7081897780299187,1.2737979680299758,,3.7021711349487303,,1.4867868334054948,,2.0585924297571183
,,2.8344999119639396,1.7727687299251556,,3.6922711193561555,,1.3907838121056557,,1.959451612830162
,,2.8625130638480187,1.3736531019210816,,3.695480966567993,,1.472229391336441,,1.9779296115040779
,,2.84501613676548,1.432149937748909,,3.6862361907958983,,1.4315967723727225,,1.9024422705173492
,,2.862189207971096,1.3527939766645432,,3.686242997646332,,1.4737527638673782,,1.9372939333319663
,,2.8664790362119676,1.3721289038658142,,3.6870576679706573,,1.4162561357021333,,2.035312068462372
,,2.8598463997244834,1.4291638612747193,,3.692104160785675,,1.4303812757134438,,1.914521400630474
,,2.877209198474884,1.404709193110466,,3.6837275624275208,,1.4416758865118027,,2.006878288090229
,,2.797060005366802,1.366107591986656,,3.6785426497459413,,1.3821000739932061,,1.9770142793655396
,,2.895748133957386,1.4806013017892838,,3.6697177410125734,,1.3986745297908783,,1.9503084287047385
,,2.7514516040682793,1.8210841983556747,,3.6680556535720825,,1.5108769252896308,,1.9460680767893792
,,2.8092952892184258,1.4398529827594757,,3.6762606739997863,,1.4393461242318153,,2.039084294438362
,,2.7910454839468004,1.5475455462932586,,3.6793962001800535,,1.3606129169464112,,2.071680748462677
,,2.697270615398884,1.536371511220932,,3.69981564283371,,1.3424130007624626,,1.943545939028263
,,2.556918631494045,1.4152371734380722,,3.697556126117706,,1.4576094999909401,,1.8767327606678008
,,2.70511686950922,1.4368749499320983,,3.7021087527275087,,1.4645526513457299,,1.9440628543496132
,,2.806253859400749,1.4799316197633743,,3.6972015738487243,,1.1622168630361558,,1.9239610746502875
,,2.8318589448928835,1.424979344010353,,3.7123054921627046,,1.3428671315312386,,1.9154654026031495
,,2.8279400318861008,1.427742674946785,,3.7012010335922243,,1.3846461549401283,,1.8458255708217621
,,2.8603101879358293,1.4520001411437988,,3.7046006441116335,,1.414080511033535,,1.9903184726834298
,,2.8513504534959795,1.4930317044258117,,3.7099966645240783,,1.2851318001747132,,1.9244213536381722
,,2.8994308322668076,1.756839096546173,,3.71273735165596,,1.4121407926082612,,1.8530118495225907
,,2.8112450420856474,1.3471388548612595,,3.7046142518520355,,1.3370226353406907,,2.1111600771546364
,,2.923192559182644,1.54110347032547,,3.7109396517276765,,1.1129897095263004,,1.993935014307499
,,2.89481191188097,1.6597510755062104,,3.721612310409546,,1.1318666905164718,,1.9313340812921524
,,3.0224151417613028,1.5731715887784958,,3.718332517147064,,1.3166001707315445,,1.7489027932286263
,,2.867420572042465,1.5629732966423036,,3.72606959939003,,1.3685864567756654,,2.0281882658600807
,,2.946137036383152,1.7752522736787797,,3.725073593854904,,1.3672304451465607,,1.7329801335930823
,,2.859550338983536,1.5154810220003128,,3.7292376518249513,,1.4704216480255128,,1.781827189028263
,,2.885602615773678,1.5278419882059098,,3.7195432603359224,,1.3902060851454734,,1.9298878565430642
,,2.8686843305826186,1.3805842250585556,,3.715678572654724,,1.498396809399128,,1.7847642421722412
,,2.8870814576745034,1.5342841565608978,,3.719748282432556,,1.3359077274799347,,1.93034166097641
,,2.9376876980066298,1.5238059163093567,,3.716626685857773,,1.3884977012872697,,1.91256635338068
,,2.9132932782173158,1.5273350417613982,,3.7195118188858034,,1.3229690119624138,,1.8581091180443763
,,2.903088706731796,1.469170305132866,,3.7209832310676574,,1.389424803853035,,1.8301397904753685
,,2.822896222770214,1.4350734919309616,,3.72554007768631,,1.4787443041801454,,1.6559396967291833
,,2.9872819438576697,1.4251738518476487,,3.7159982562065124,,1.4433108374476433,,1.7830268174409867
,,2.9145691275596617,1.5174989521503448,,3.7099746406078338,,1.339857132732868,,1.9637238323688506
,,2.924169386923313,1.8008937925100326,,3.7151483297348022,,1.3787248849868774,,1.7712364718317986
,,2.9523606956005097,1.351815429329872,,3.7147994935512543,,1.401754257082939,,1.7958739906549455
,,2.9095989927649497,1.4636069416999817,,3.7158825218677523,,1.4615951657295227,,1.6538164496421814
,,2.872233362495899,1.3008575826883315,,3.7181196391582487,,1.4434679076075554,,1.7872339576482772
,,2.908180372416973,1.3876722246408462,,3.719875764846802,,1.4546676024794578,,1.6822284236550331
,,2.8965564921498297,1.2593163833022119,,3.7196864068508146,,1.4079245924949646,,1.7118643417954444
,,2.9506337746977804,1.438306877017021,,3.72787144780159,,1.4691316291689873,,1.555399914085865
,,2.8270471572875975,1.301064521074295,,3.7263640642166136,,1.3515001296997071,,1.6354704409837724
,,2.8116365507245065,1.3207299798727035,,3.727067697048187,,1.421079170703888,,1.770619921386242
,,2.7440315052866935,1.281139725446701,,3.7246849596500398,,1.4796573892235756,,1.6321258202195168
,,2.7243647038936616,1.7608096897602081,,3.7232555985450744,,1.438017688691616,,1.8826360374689102
,,2.7246778905391693,1.325739285349846,,3.726297473907471,,1.358139406144619,,1.7919690489768982
,,2.8558005407452582,1.3405415087938308,,3.7211164057254793,,1.4182359114289285,,1.80736186504364
,,2.8153320491313933,1.6044952481985093,,3.720242607593536,,1.3962583422660828,,1.6995442152023315
,,2.8040825083851812,1.6242088049650192,,3.715027469396591,,1.366802129149437,,1.7179206967353822
,,2.7973214089870453,1.4680677264928819,,3.7171066403388977,,1.3443624511361123,,1.7564443722367287
,,2.8706763714551924,1.6135649293661118,,3.72555074095726,,1.4281956627964973,,1.6311400696635245
,,2.8250832960009573,1.8927742958068847,,3.7317858278751372,,1.4499312713742256,,1.701192808151245
,,2.91485745459795,1.406370598077774,,3.728220522403717,,1.4711036533117294,,1.4875787302851677
,,2.869770513474941,1.5627335458993912,,3.7110844910144807,,1.4505648553371429,,1.6481277868151665
,,2.8216119214892386,1.5196979641914368,,3.70037117600441,,1.5246770292520524,,1.6150448605418206
,,2.7868944078683855,1.438478335738182,,3.7121048867702484,,1.36437698751688,,1.8913644880056382
,,2.948956587910652,1.3912554681301117,,3.707926720380783,,1.443264488875866,,1.8052454203367234
,,2.8012855410575868,1.614915069937706,,3.7151956439018248,,1.502555213868618,,1.6702067270874976
,,2.9269164204597473,1.6642655372619628,,3.706663018465042,,1.3925335511565209,,1.6518354073166848
,,2.9072330951690675,1.5796029955148696,,3.712490475177765,,1.4371076017618178,,1.5439599558711052
,,2.920753948390484,1.4621824413537978,,3.7207107305526734,,1.396382662653923,,1.709806452691555
,,2.7529714733362196,1.485541859269142,,3.7211167395114897,,1.4371710926294328,,1.5815979197621346
,,2.7629126399755477,1.3883456468582154,,3.729578733444214,,1.4211097836494446,,1.806760348379612
,,2.759793925285339,1.4376932501792907,,3.73000727891922,,1.4037994295358658,,1.6033115327358245
,,2.830520509183407,1.2991071134805678,,3.739163398742676,,1.4293246060609817,,1.5068565502762794
,,2.7963576316833496,1.5543381422758102,,3.7326924562454225,,1.3578624248504638,,1.6839497968554498
,,2.8427035987377165,1.445217999815941,,3.7366645693778993,,1.2945059776306151,,1.473862987756729
,,2.9073043882846834,1.4885660886764527,,3.7452256202697756,,1.4033371686935425,,1.525178562104702
,,2.749682766199112,1.4622382551431656,,3.7434273779392244,,1.5263027787208556,,1.6008794113993645
,,2.8156423330307008,1.6387179762125015,,3.7484179854393007,,1.324501734972,,1.709762342274189
,,2.7582359209656717,1.4861231356859208,,3.745408946275711,,1.2651868104934691,,1.5784192994236945
,,2.716473662853241,1.2348435878753663,,3.7415705740451815,,1.3685424625873566,,1.7556429833173752
,,,1.3613637804985046,,,,1.363967353105545,,
,,,1.610402050614357,,,,1.2931993439793588,,
,,,1.5210591763257981,,,,1.3248513147234917,,
,,,1.361409667134285,,,,1.3710724264383316,,
,,,1.5230321317911149,,,,1.294352760910988,,
,,,1.3933239847421646,,,,1.2786319628357887,,
,,,1.5284773290157319,,,,1.2578545287251472,,
,,,1.5038036853075027,,,,1.313613159954548,,
,,,1.4129554599523544,,,,1.2394227132201194,,
,,,1.3761676967144012,,,,1.359527486562729,,
,,,1.34924376308918,,,,1.482761499285698,,
,,,1.427577379345894,,,,1.298228272795677,,
,,,1.4154157549142838,,,,1.3944034442305564,,
,,,1.41658573448658,,,,1.392250756919384,,
,,,1.5951093107461929,,,,1.36112130433321,,
,,,1.5371545016765595,,,,1.3643323212862015,,
,,,1.4685272008180619,,,,1.425691184401512,,
,,,1.3211731880903244,,,,1.465879102051258,,
,,,1.5193866968154908,,,,1.420597755908966,,
,,,1.4817559540271759,,,,1.44063810557127,,
,,,1.443793174624443,,,,1.4464351147413255,,
,,,1.219543132185936,,,,1.439702259004116,,
,,,1.4952412873506546,,,,1.4213645488023758,,
,,,1.3111134141683578,,,,1.4006239861249923,,
,,,1.3030340105295182,,,,1.3157796204090118,,
,,,1.3720641732215881,,,,1.403479841351509,,
,,,1.4085788756608963,,,,1.3381337195634841,,
,,,1.453348758816719,,,,1.322478100657463,,
,,,1.2800195813179016,,,,1.3746526092290878,,
,,,1.5367311477661132,,,,1.3790771782398223,,
,,,1.5841163218021392,,,,1.2660802334547043,,
,,,1.3638599514961243,,,,1.2669372320175172,,
,,,1.2308857947587968,,,,1.3645431786775588,,
,,,1.2590916603803635,,,,1.3441080778837204,,
,,,1.1522791594266892,,,,1.426247674226761,,
,,,1.212213483452797,,,,1.472151903808117,,
,,,1.3075139343738555,,,,1.4431728824973107,,
,,,1.6204460471868516,,,,1.365868005156517,,
,,,1.1837408602237702,,,,1.389323204755783,,
,,,1.2322996228933334,,,,1.3439461976289748,,
,,,1.4822914868593215,,,,1.3194663286209107,,
,,,1.4010637819766998,,,,1.2819459661841393,,
,,,1.411638441681862,,,,1.2513515278697014,,
,,,1.4019315749406815,,,,1.1421404756605624,,
,,,0.9051020637154579,,,,1.031005223840475,,
,,,1.1288521707057952,,,,1.2179170906543733,,
,,,1.031730118393898,,,,1.2697223469614982,,
,,,1.0262097358703612,,,,1.0366091750562192,,
,,,1.0886122062802315,,,,1.1865853443741798,,
,,,1.2274027824401856,,,,1.2636328905820846,,
,,,1.4264939606189728,,,,1.336322157084942,,
,,,1.1944890052080155,,,,1.315031723678112,,
,,,1.0810841187834739,,,,1.243310733139515,,
,,,1.099178671836853,,,,1.2895635887980461,,
,,,1.2176476001739502,,,,1.414774814248085,,
,,,1.0544239908456803,,,,1.4145059615373612,,
,,,1.2515321582555772,,,,1.442009726166725,,
,,,1.377207300066948,,,,1.4163729220628738,,
,,,1.1766161024570465,,,,1.453829139471054,,
,,,1.3317045241594314,,,,1.4107208296656608,,
,,,1.4758020341396332,,,,1.3818960815668107,,
,,,1.33011237680912,,,,1.4276217311620711,,
,,,1.1553842529654503,,,,1.3161781460046769,,
,,,1.4837769776582719,,,,1.3946889638900757,,
,,,1.4969049960374832,,,,1.404069696366787,,
,,,1.4855516970157623,,,,1.3969619318842887,,
,,,1.1179893612861633,,,,1.401373940706253,,
,,,1.3857758969068528,,,,1.2775614485144615,,
,,,1.306848055124283,,,,1.2794170752167702,,
,,,1.3221763670444489,,,,1.330780842900276,,
,,,1.0889131724834442,,,,1.2833161741495132,,
,,,1.321215957403183,,,,1.3454297214746476,,
,,,1.048289929330349,,,,1.2420484960079192,,
,,,1.1456552788615226,,,,1.278200452029705,,
,,,1.253620010614395,,,,1.3069500282406807,,
,,,1.190246108174324,,,,1.2910658791661263,,
,,,1.308797788619995,,,,1.3448144480586053,,
,,,1.1944490224123,,,,1.4059103831648827,,
,,,1.2260474473237992,,,,1.454464463889599,,
,,,1.204684391617775,,,,1.4185883820056915,,
,,,1.1100895017385484,,,,1.341294102370739,,
,,,1.2946493566036223,,,,1.4628637820482253,,
,,,1.3111096709966659,,,,1.4828233867883682,,
,,,1.3089494109153748,,,,1.353852555155754,,
,,,1.2699518501758575,,,,1.372252917289734,,
,,,1.1773388028144836,,,,1.5149416103959084,,
,,,1.2042290717363358,,,,1.3726078569889069,,
,,,1.1743187963962556,,,,1.4436916455626487,,
,,,1.1023068830370903,,,,1.4367663085460662,,
,,,1.3791677832603455,,,,1.4560062184929847,,
,,,1.1309805691242218,,,,1.4897131368517875,,
,,,1.182170820236206,,,,1.4516932666301727,,
,,,1.2867767870426179,,,,1.4353241160511971,,
,,,1.1660852700471878,,,,1.4417863219976426,,
,,,1.0336759954690933,,,,1.403403002023697,,
,,,1.1198451519012451,,,,1.396817573904991,,
,,,1.2270582020282745,,,,1.4332951590418817,,
,,,1.1630942791700363,,,,1.4643852800130843,,
,,,1.1794050574302672,,,,1.414017803966999,,
,,,1.3404440611600876,,,,1.4170755982398986,,
,,,1.2488818049430848,,,,1.480941540002823,,
,,,1.1428806006908416,,,,1.5006895333528518,,
,,,1.246735653281212,,,,1.4232991740107537,,
,,,1.3432413816452027,,,,1.48626866042614,,
,,,1.255643728375435,,,,1.4726345166563988,,
,,,1.1638089820742608,,,,1.468207497894764,,
,,,1.2866311728954316,,,,1.441857099533081,,
,,,1.3610280245542525,,,,1.4755168616771699,,
,,,1.1621021702885628,,,,1.4534402787685394,,
,,,1.0989607945084572,,,,1.438051813840866,,
,,,1.3528431534767151,,,,1.420840321481228,,
,,,1.2844896912574768,,,,1.4632647886872292,,
,,,1.2403348416090012,,,,1.4269261091947556,,
,,,1.3397445291280747,,,,1.442982591688633,,
,,,1.4292026698589324,,,,1.432065150141716,,
,,,1.180688339471817,,,,1.3913434058427812,,
,,,1.521123903989792,,,,1.4366389706730842,,
,,,1.607652798295021,,,,1.4014400884509086,,
,,,1.271729427576065,,,,1.4273612201213837,,
,,,1.284402346611023,,,,1.406777773797512,,
,,,1.1171254083514213,,,,1.3845185324549676,,
,,,1.3903984487056733,,,,1.4365759760141372,,
,,,1.0433514803647994,,,,1.3725111037492752,,
,,,1.1790624737739563,,,,1.354097317159176,,
,,,1.4109957486391067,,,,1.338759544491768,,
,,,1.1210150137543677,,,,1.3444518133997918,,
,,,1.19507754445076,,,,1.3572424039244653,,
,,,1.1381070360541343,,,,1.4053719103336335,,
,,,1.2519560307264328,,,,1.4204864218831061,,
,,,1.1580383837223054,,,,1.3012322664260865,,
,,,1.0539745002985001,,,,1.3334411889314652,,
,,,1.130487212538719,,,,1.3883281528949738,,
,,,1.152907295525074,,,,1.4232148438692094,,
,,,1.014980959892273,,,,1.4015752956271172,,
,,,1.2278537541627883,,,,1.4213013514876365,,
,,,1.0423969343304633,,,,1.318803882598877,,
,,,1.0845189273357392,,,,1.2902662307024002,,
,,,1.0967434361577033,,,,1.374398623406887,,
,,,1.1807874381542205,,,,1.3419817104935645,,
,,,0.9670473471283912,,,,1.3460501596331595,,
,,,1.2726245075464249,,,,1.3415327310562133,,
,,,1.091618563234806,,,,1.3561619818210602,,
,,,1.5065039306879044,,,,1.344345213472843,,
,,,0.8475520044565201,,,,1.2757243394851685,,
,,,1.1415706425905228,,,,1.3859964847564696,,
,,,1.240037053823471,,,,1.3838590905070305,,
,,,1.0420525804162026,,,,1.3262854546308518,,
,,,1.126196102797985,,,,1.2906901836395264,,
,,,1.030733159184456,,,,1.2433102697134018,,
,,,1.0971865206956863,,,,1.259177914261818,,
,,,1.1117766708135606,,,,1.2236885577440262,,
,,,1.0421784177422524,,,,1.327522051334381,,
,,,1.1050635367631911,,,,1.3171756237745285,,
,,,1.0513999238610268,,,,1.3941422551870346,,
,,,1.0522413864731788,,,,1.3137572064995766,,
,,,0.9442546129226684,,,,1.2683891490101815,,
,,,1.004414178431034,,,,1.2990446120500565,,
,,,0.8207262322306633,,,,1.4026325270533562,,
,,,1.0073978275060653,,,,1.1749824300408362,,
,,,1.1083956748247146,,,,1.3102103888988494,,
,,,0.9945824384689331,,,,1.2146730199456215,,
,,,0.8647961646318436,,,,1.3615028515458107,,
,,,1.170399361848831,,,,1.3950534135103225,,
,,,1.1017276123166084,,,,1.3529497146606446,,
,,,1.111409269273281,,,,1.3211936339735986,,
,,,0.9791026338934898,,,,1.2972909778356552,,
,,,1.0780088394880294,,,,1.2930511757731438,,
,,,1.1438809528946876,,,,1.2989754110574723,,
,,,0.9990231424570084,,,,1.3907414302229881,,
,,,0.9146059036254883,,,,1.3163976818323135,,
,,,1.0165993556380273,,,,1.3931336849927902,,
,,,1.2088225185871124,,,,1.431446835398674,,
,,,1.0712749302387237,,,,1.251765324175358,,
,,,0.9544454619288445,,,,1.3116484373807906,,
,,,1.1995891511440278,,,,1.306119877099991,,
,,,1.1907399833202361,,,,1.223674376308918,,
,,,1.2550308167934419,,,,1.2733409583568573,,
,,,1.4645153850317,,,,1.3592040792107583,,
,,,1.2547717809677124,,,,1.2362090259790421,,
,,,1.275271725654602,,,,1.295515963435173,,
,,,1.2510220736265183,,,,1.2650380462408066,,
,,,1.2908836334943772,,,,1.2134833201766013,,
,,,1.2752307265996934,,,,1.3766136482357978,,
,,,1.354722446203232,,,,1.2640413969755173,,
,,,1.4074491888284684,,,,1.2332423031330109,,
,,,1.2543936520814896,,,,1.2622477740049363,,
,,,1.2643557131290435,,,,1.26322031468153,,
,,,1.414160594344139,,,,1.3594968736171722,,
,,,1.1106847733259202,,,,1.397119189798832,,
,,,1.1058296650648116,,,,1.2031216278672219,,
,,,1.2851758629083634,,,,1.3397925451397896,,
,,,1.2944373667240143,,,,1.395470979809761,,
,,,1.2560247421264648,,,,1.289319071173668,,
,,,1.1974162697792052,,,,1.1624345645308494,,
,,,1.3151317834854126,,,,1.3791439831256866,,
,,,1.5575047850608825,,,,1.2996167689561844,,
,,,1.4448026210069655,,,,1.3989103019237519,,
,,,1.5217197388410568,,,,1.4017932996153832,,
,,,1.3358493983745574,,,,1.2799889773130417,,
,,,1.4620965093374252,,,,1.4333823412656783,,
,,,1.4449462682008742,,,,1.3450906962156295,,
,,,1.1275082170963286,,,,1.230862031877041,,
,,,1.3457819283008576,,,,1.2887163132429122,,
,,,1.323113390803337,,,,1.2478171333670616,,
,,,1.1842801094055175,,,,1.3345026850700379,,
,,,1.3670708686113358,,,,1.3399173334240913,,
,,,1.2482030630111693,,,,1.295790868997574,,
,,,1.1463474750518798,,,,1.2559963151812554,,
,,,1.0284840777516364,,,,1.3415116563439369,,
,,,1.1797079294919968,,,,1.2979279056191444,,
,,,0.8693866088986397,,,,1.3789409682154656,,
,,,1.3140166789293288,,,,1.3386581644415856,,
,,,1.343208023905754,,,,1.309972658753395,,
,,,1.1128069385886192,,,,1.3534307688474656,,
,,,1.189653067290783,,,,1.2375155240297318,,
,,,1.2762031197547912,,,,1.239445498585701,,
,,,1.2062314957380296,,,,1.3413532465696334,,
,,,0.9811849504709244,,,,1.2250334799289704,,
,,,1.1694746911525726,,,,1.2748106852173806,,
,,,1.3748019874095916,,,,1.3339065462350845,,
,,,1.1012934044003486,,,,1.3288659572601318,,
,,,1.0206344485282899,,,,1.3381288632750512,,
,,,1.0407287374138832,,,,1.2962627440690995,,
,,,1.0248747527599336,,,,1.21244874894619,,
,,,0.9772989451885223,,,,1.2811809226870536,,
,,,0.7941343948245049,,,,1.3065824896097182,,
,,,0.9652452930808068,,,,1.276672711968422,,
,,,1.0475954428315162,,,,1.276213400065899,,
,,,0.8736814066767693,,,,1.2962178200483323,,
,,,0.9255075544118881,,,,1.226117405295372,,
,,,1.0163213327527045,,,,1.3244359776377679,,
,,,1.0160364925861358,,,,1.387351255118847,,
,,,0.9491465345025063,,,,1.3228518426418305,,
,,,1.1146476835012435,,,,1.3012939542531967,,
,,,1.208761340379715,,,,1.381928938627243,,
,,,0.9128240212798119,,,,1.3154598295688629,,
,,,0.960588863492012,,,,1.290117433667183,,
,,,1.1821277618408204,,,,1.3318386256694794,,
,,,1.0481143683195113,,,,1.329801569879055,,
,,,1.150076013803482,,,,1.3988374039530753,,
,,,1.145369642972946,,,,1.3539149358868598,,
,,,1.163421133160591,,,,1.3481533631682396,,
,,,0.9698694467544555,,,,1.35706035643816,,
,,,1.017124481499195,,,,1.486425046622753,,
,,,1.1084707975387573,,,,1.3497652605175972,,
,,,0.9533125698566437,,,,1.348143994808197,,
,,,1.0788439348340035,,,,1.32823389172554,,
,,,1.1125585034489631,,,,1.3271379992365837,,
,,,1.1693024307489395,,,,1.2066891551017762,,
,,,0.9249560564756394,,,,1.264155350625515,,
,,,1.1236787766218186,,,,1.253505103290081,,
,,,1.2304867327213287,,,,1.1836681872606278,,
,,,0.9885076582431793,,,,1.1997732132673264,,
,,,0.9585741266608239,,,,1.270243690907955,,
,,,0.9524101614952087,,,,1.3825440794229507,,
,,,1.0724262490868568,,,,1.2776747047901154,,
,,,0.9424300253391266,,,,1.2160569950938225,,
,,,0.8267959907650948,,,,1.111265853047371,,
,,,0.9684773787856102,,,,1.3365833714604378,,
,,,0.9566537335515022,,,,1.279033625125885,,
,,,0.8538428694009781,,,,1.2517770022153853,,
,,,0.8357937902212143,,,,1.317230772972107,,
,,,0.9079867973923683,,,,1.2435402110219003,,
,,,0.9323083385825157,,,,1.2572695657610893,,
,,,0.8911114454269409,,,,1.0968476675450802,,
,,,1.0248640447854995,,,,1.1478296577930451,,
,,,0.9414128169417382,,,,1.0354980185627938,,
,,,0.8884750887751579,,,,1.1854422375559808,,
,,,1.071455928683281,,,,1.2230632856488228,,
,,,1.2776017785072327,,,,1.1416646912693977,,
,,,1.1611183643341065,,,,1.2320055544376374,,
,,,1.0035105064511298,,,,1.2626872316002846,,
,,,0.9253352031111717,,,,1.1484254077076912,,
,,,1.0261255964636802,,,,1.231186631321907,,
,,,0.9702180534601211,,,,1.2357232734560966,,
,,,1.046320766210556,,,,1.175468835234642,,
,,,0.9759685203433037,,,,1.2767701894044876,,
,,,1.1732971906661986,,,,1.3286231756210327,,
,,,1.0285213991999627,,,,1.3216931790113449,,
,,,0.9341568872332573,,,,1.3091583594679832,,
,,,0.9692931413650513,,,,1.1605372488498689,,
,,,0.840761399269104,,,,1.2738195717334748,,
,,,0.9190275654196739,,,,1.2664930820465088,,
,,,1.0342993959784508,,,,1.1203050911426544,,
,,,0.9340829238295555,,,,1.25593141913414,,
,,,0.9792597681283951,,,,1.2490361288189888,,
,,,0.83815086632967,,,,1.1504041090607644,,
,,,1.1069770395755767,,,,1.2650005653500558,,
,,,1.0799175664782523,,,,1.2403932437300682,,
,,,1.0495621874928474,,,,1.2224521517753602,,
,,,0.9937786310911179,,,,1.236829237639904,,
,,,1.0588225439190864,,,,1.2229371905326842,,
,,,1.1649018585681916,,,,1.253903080523014,,
